SMILES,pCHEMBL,Molecular Weight,logP,pCHEMBL_norm
C[C@@]1(O)[C@H](O)[C@@H](CO)O[C@H]1n1cnc2c(N)ncnc21,5.47,281.27,-1.59,0.2099999999999999
Cn1cc2c(nc(NC3C4CC5CC(C4)CC3C5)n3nc(-c4ccco4)nc23)n1,6.07,389.46,3.51,0.2957142857142857
Cc1ccc(-c2cc(C(=O)NCc3nccn3C(C)C)nc(N)n2)o1,8.26,340.39,2.33,0.6085714285714285
CC(C)Nc1nc(C#C[C@@H](O)c2ccccc2)nc2c1ncn2[C@@H]1O[C@H](CO)[C@@H](O)[C@H]1O,7.37,439.47,0.34,0.4814285714285714
CCCn1c(=O)c2[nH]c(-c3ccccc3)nc2n(CCSCC)c1=O,5.84,358.47,2.72,0.2628571428571428
COc1ccc(-c2cccc(-c3nc(N)nc(SC)n3)c2)cn1,7.64,325.4,2.91,0.5199999999999999
CC(=O)Nc1nc2ccccc2c2cn(-c3ccc(C)cc3)nc12,5.82,316.36,3.84,0.26
O=C(CN1CCCCC1)Nc1cc(-c2ccco2)c2oc(-c3ccco3)nc2c1,6.31,391.43,4.77,0.3299999999999999
Cn1c(=O)c2c(nnn2C2CCCCC2)n(C)c1=O,5.08,263.3,0.33,0.1542857142857143
CCc1nc2c(-c3ccccc3)cc(-c3ccccc3)nc2[nH]1,6.75,299.38,4.85,0.3928571428571428
Nc1nc2c(cnn2CCc2ccc(S(=O)(=O)N(CCO)CCO)cc2)c2nc(-c3ccco3)nn12,9.1,512.55,0.53,0.7285714285714285
CC(=O)Nc1cc(-c2cccc(C#N)c2)nc(-n2nc(C)cc2C)n1,8.7,332.37,2.78,0.6714285714285714
Cn1cc2c(nc(NNC(=S)Nc3ccc(C4c5ccc(O)cc5OC5=CC(=O)C=CC54)c(C(=O)O)c3)n3nc(-c4ccco4)nc23)n1,6.03,661.66,4.15,0.29
O=C(COc1ccccc1)Nc1nc(-c2ccccc2)n[nH]1,5.75,294.31,2.49,0.25
Cn1c(=O)c2nc(-c3ccccc3)[nH]c2n(C)c1=O,6.34,256.26,0.63,0.3342857142857142
O[C@@H](c1cc(C(F)(F)F)nc2c(C(F)(F)F)cccc12)[C@@H]1CCCCN1,5.6,378.32,4.45,0.2285714285714285
Nc1nc2c(cnn2CCc2ccc(-c3ccccc3)cc2)c2nc(-c3ccco3)nn12,8.96,421.46,4.23,0.7085714285714287
CC(C)c1nc(-c2nccs2)c2sccc2n1,8.85,261.38,3.94,0.6928571428571428
O=C(Nc1ccc(-c2ccncc2)c(-c2cncs2)n1)C1CC1,6.09,322.39,3.62,0.2985714285714285
CCN(C(C)=O)c1ccc(OC)c2nc(NC(=O)[C@@H]3CCN(C(=O)c4cccc(C(F)(F)F)c4)C3)sc12,5.69,534.56,4.8,0.2414285714285715
Nc1nc(-c2cccc(Cl)c2)nc2sc(CN3CCOCC3)cc12,6.92,360.87,3.43,0.4171428571428571
CCOC(=O)c1nc(NC(=O)c2ccc(F)cc2)nc2nn(C)cc12,4.94,343.32,1.93,0.1342857142857143
CCn1c(=O)c2[nH]c(-c3ccc(OCC(=O)NN4CCc5ccccc5C4)cc3)nc2n(CCCOC)c1=O,6.64,532.6,2.08,0.3771428571428571
CC1CCCN1C(=O)c1cc(N)n2nc(-c3ccc(Br)o3)nc2c1,8.4,390.24,2.96,0.6285714285714287
Nc1cccc(Cn2ncc3c(-c4ccco4)nc(N)nc32)c1,8.4,306.33,2.3,0.6285714285714287
C#CCn1c(=O)c2c(nc3ccccn32)n(Cc2ccccc2)c1=O,7.02,330.35,1.49,0.4314285714285714
CCCn1c(=O)c2nc(-c3cnn(-c4ccccc4)c3)[nH]c2n(CCC)c1=O,6.25,378.44,2.56,0.3214285714285714
Cc1ccc(-n2c(C(=O)c3sc(N4CCOCC4)nc3-c3ccccc3)cnc2N)cc1,4.47,445.55,3.95,0.0671428571428571
COCCOc1cccc2c1CN(CCn1ncc3c1nc(N)n1nc(-c4ccco4)nc31)CC2,8.82,474.53,2.4,0.6885714285714286
Nc1nc(-c2ccccc2)nc2sccc12,6.3,227.29,2.94,0.3285714285714285
Nc1nc(OCCc2c[nH]c3ccc(F)cc23)nc2c1ncn2[C@@H]1O[C@H](CO)[C@@H](O)[C@H]1O,6.43,444.42,0.26,0.3471428571428571
O=C(COc1ccc(-c2cc3c([nH]2)c(=O)n(CC2CC2)c(=O)n3CC2CC2)cc1)Nc1ccccc1,7.81,484.56,4.0,0.5442857142857143
O=C(CN1CCCCC1)Nc1ccc2oc(-c3ccco3)nc2c1,6.0,325.37,3.51,0.2857142857142857
CNC(=O)[C@H]1S[C@@H](n2cnc3c(NCc4cccc(I)c4)nc(Cl)nc32)[C@H](O)[C@@H]1O,6.65,560.81,1.78,0.3785714285714286
Nc1nc(N[C@H](CO)Cc2ccccc2)nc2c1ncn2[C@@H]1C[C@H](n2ccccc2=O)[C@@H](O)[C@H]1O,5.26,477.53,0.49,0.1799999999999999
CN(C)c1nc(-c2ccco2)c2sccc2n1,7.22,245.31,3.02,0.4599999999999999
COc1cnc(N2CCOCC2)c2sc(NC(=O)C(C)(C)Oc3c(F)cccc3F)nc12,7.82,464.49,3.61,0.5457142857142857
CCCn1c(=O)c2[nH]c(-c3ccc(OCC(=O)N4CCN(c5c(Cl)cncc5Cl)CC4)cc3)cc2n(CCC)c1=O,7.13,599.52,4.41,0.4471428571428571
CCNC(=O)[C@H]1O[C@@H](n2cnc3c(NCC(c4ccccc4)c4ccccc4)nc(C(=O)NCCNC(=O)NCCN4CCc5ccccc5C4)nc32)[C@H](O)[C@@H]1O,8.0,776.9,1.91,0.5714285714285714
O[C@@H]1[C@H](O)[C@@H]2C[C@@H]2[C@H]1n1cnc2c(NCc3cccc(I)c3)ncnc21,5.34,463.28,1.96,0.1914285714285714
COc1ccc(C(=O)Nc2nc(-c3ccccc3)nc3nn(CCc4ccccc4)cc23)cc1,5.95,449.51,5.0,0.2785714285714286
CN(C)c1nc(-c2cccs2)c2sccc2n1,7.26,261.38,3.49,0.4657142857142857
CCCn1cnc2c(N)nc(NCc3ccccc3)nc21,5.85,282.35,2.43,0.2642857142857142
CCCn1c(-c2ccccc2)nc2c(NC3CCC3)ncnc21,6.44,307.4,3.87,0.3485714285714286
Nc1nc(NC2CCCC2)nc2c1ncn2[C@@H]1O[C@H](CO)[C@@H](O)[C@H]1O,8.29,350.38,-0.63,0.6128571428571428
COc1ccc(O)c(/C=N/N=C(\S)Cc2ccccc2)c1,7.7,300.38,3.31,0.5285714285714286
COc1ccc(C2CCN(C(=O)COc3ccc(-c4cc5c([nH]4)c(=O)n(C)c(=O)n5C)cc3OC)CC2)cc1,6.06,532.6,3.03,0.2942857142857142
O=C(c1ccccc1)c1sc(NC2CCN(Cc3ccccc3F)CC2)nc1-c1ccco1,6.98,461.56,5.85,0.4257142857142857
Cn1cc2c(nc(NC(=O)Nc3ccco3)n3nc(-c4ccco4)nc23)n1,6.46,364.33,2.51,0.3514285714285714
CC(=O)Nc1cc(-c2cc(C)cc(C)c2)nc(-n2nc(C)cc2C)n1,8.1,335.41,3.52,0.5857142857142856
CN(C)c1nc(-c2nccn2C)c2sccc2n1,7.85,259.34,2.16,0.5499999999999999
CCNC(=O)[C@H]1O[C@@H](N2CNc3c(N)nc(NCCc4ccc(CCC(=O)O)cc4)nc32)[C@H](O)[C@@H]1O,7.57,501.54,-0.5,0.51
Cn1cc2c(nc(NC(=O)Cc3ccccc3)n3nc(-c4ccc([N+](=O)[O-])cc4)nc23)n1,4.62,428.41,2.77,0.0885714285714285
CCC(=O)Nc1nc(-c2ccccc2)cc(-c2ccccc2)n1,6.26,303.37,4.16,0.3228571428571428
COc1cnc(N2CCOCC2)c2sc(NC(=O)C(C)(C)Oc3ccc(F)cc3)nc12,8.19,446.5,3.47,0.5985714285714285
Nc1nc(NC(=O)CC2CCCCC2)nc2c1ncn2[C@@H]1O[C@H](CO)[C@@H](O)[C@H]1O,5.62,406.44,-0.07,0.2314285714285714
O=c1[nH][nH]c2nc(-c3ccco3)c(-c3ccncn3)cc12,6.75,279.26,1.97,0.3928571428571428
O=C(COc1ccc(Nc2nc(OCCc3c[nH]c4cc(Br)ccc34)nc3c2ncn3[C@@H]2O[C@H](CO)[C@@H](O)[C@H]2O)cc1)Nc1ccccc1,5.94,730.58,4.06,0.2771428571428572
CCOC(=O)[C@@]12C[C@@H]1[C@@H](n1cnc3c(NC(C4CC4)C4CC4)nc(Cl)nc31)[C@H](O)[C@@H]2O,5.8,447.92,1.93,0.2571428571428571
Nc1nc2c(cnn2CCN2CCN(c3ccc(Cl)cc3)CC2)c2nc(-c3ccco3)nn12,9.3,463.93,2.79,0.7571428571428572
CC(C)[C@H](NC(=O)[C@@H]1C=C2c3cccc4[nH]cc(c34)C[C@H]2N(C)C1)C(=O)N[C@@H](CCC1CCCCC1)C(=O)N1c2ccccc2C[C@H]1C(N)=O,4.6,678.88,4.47,0.0857142857142856
Oc1nc2ccccc2n2nc(-c3ccco3)nc12,5.32,252.23,2.24,0.1885714285714286
CCOC(=O)c1nc[nH]c1/N=N/c1c(O)ccc2ccccc12,5.9,310.31,3.86,0.2714285714285714
COC(=O)c1cccc(Cn2cnc3c(-c4ccco4)nc(N)nc32)c1,7.35,349.35,2.5,0.4785714285714285
COc1cccc(-c2cn3c(=O)n(-c4ccccc4)nc3c(N)n2)c1,8.17,333.35,2.14,0.5957142857142858
CCNC(=O)[C@H]1O[C@@H](n2cnc3c(N)nc(NCCN4CCN(c5ccc([N+](=O)[O-])cc5)CC4)nc32)[C@H](O)[C@@H]1O,7.62,556.58,-0.69,0.5171428571428571
Cc1ccccc1C(=O)Nc1ccc(C(=O)Nc2nccs2)cc1,6.66,337.4,3.96,0.38
COc1cccc(-c2cc(NC(C)=O)nc(-n3nc(C)cc3C)n2)c1,9.0,337.38,2.91,0.7142857142857143
CC(Nc1nc(C(=O)N2CCCC2)c2sccc2n1)c1cccnc1,5.63,353.45,3.5,0.2328571428571428
CCNC(=O)[C@H]1O[C@@H](n2cnc3c(NCC(c4ccccc4)c4ccccc4)nc(CNC(=O)NCCN4CCCCC4)nc32)[C@H](O)[C@@H]1O,7.77,671.8,2.11,0.5385714285714285
COc1ccccc1CC(=O)Nc1nc(N)nc(-c2ccco2)c1[N+](=O)[O-],8.0,369.34,2.42,0.5714285714285714
CCc1ccc(-c2nc(N)c3cc(CN4CCOCC4)sc3n2)o1,7.1,344.44,2.93,0.4428571428571428
CCc1nc2sc(C(=O)c3cccc(Cl)c3)c(N)c2cc1C,5.04,330.84,4.63,0.1485714285714285
CCCn1c(=O)c2c(nc3ccccn32)n(Cc2ccccc2)c1=O,6.92,334.38,2.27,0.4171428571428571
Oc1c(Br)cc2[nH]c3cnccc3c2c1Br,5.31,341.99,3.95,0.187142857142857
Nc1nc(SCCN2CCN(c3ccc(F)cc3F)CC2)cc2nc(-c3ccco3)nn12,8.85,457.51,3.16,0.6928571428571428
Nc1nc(-c2ccco2)c2c(n1)-c1ccccc1C2=O,10.0,263.26,2.53,0.8571428571428571
CC(C)OC(=O)c1cnc2c(cnn2CC(Cl)c2ccccc2)c1NCCc1ccccc1,5.82,462.98,5.63,0.26
O=C(N/N=N/c1nc(Nc2ccccc2)c2ncn([C@@H]3O[C@H](CO)[C@@H](O)[C@H]3O)c2n1)Nc1ccccc1,7.61,505.5,2.0,0.5157142857142858
CCn1c(=O)c2[nH]c(-c3ccco3)nc2n(CCCOC)c1=O,6.31,318.33,1.2,0.3299999999999999
O=C(c1ccc[nH]1)c1nc(C(F)(F)F)nc2ccsc12,6.93,297.26,3.27,0.4185714285714285
CCCn1c(=O)c2[nH]c(-c3ccc(C(C)=O)cc3)c(O)c2n(CCC)c1=O,6.49,369.42,2.89,0.3557142857142857
CC(=O)Nc1cc(-c2cccc(N3CCN(C)CC3)n2)nc(-n2nc(C)cc2C)n1,8.15,406.49,2.05,0.5928571428571429
CCCn1cc2c(nc(NC(=O)Nc3ccc(C)cc3)n3nc(-c4ccco4)nc23)n1,7.92,416.45,4.1,0.5599999999999999
Cn1c(Cc2cccs2)nc2c1c(=O)n(CC1CC1)c(=O)n2Cc1ccco1,6.31,396.47,2.6,0.3299999999999999
CC(C)Nc1ncc(C(=O)O)c2nc(-c3ccco3)nn12,5.12,287.28,1.9,0.16
Cc1cc(C)n(-c2cc(NC(=O)CN3CCN(C)CC3)nc(-c3nccs3)n2)n1,8.05,412.52,1.59,0.5785714285714286
c1coc(-c2nc3[nH]ccc3cc2-c2ccncn2)c1,6.21,262.27,3.28,0.3157142857142857
Cn1cc2c(nc(N)n3nc(-c4ccccc4)nc23)n1,6.92,265.28,1.26,0.4171428571428571
COCC(C)(C)Oc1ccc(N2CCN(CCn3c(=O)n(C)c4c3nc(N)n3nc(-c5ccco5)nc43)CC2)cc1,8.68,561.65,2.25,0.6685714285714285
CCNc1nc(C#C[C@H](O)c2ccccc2)nc2c1ncn2[C@@H]1O[C@H](CO)[C@@H](O)[C@H]1O,5.93,425.45,-0.05,0.2757142857142857
Cn1cc2c(nc(N)n3nc(-c4ccc(Cl)cc4)nc23)n1,5.7,299.73,1.91,0.2428571428571428
Clc1ccc(Nc2nc3c(N4CCCCC4)ncnc3s2)cc1,4.88,345.86,4.47,0.1257142857142857
CC1=C(C(=O)Nc2nc3ccccc3s2)C(c2ccco2)C(C#N)=C(SCC(N)=O)N1,5.2,451.53,3.44,0.1714285714285714
Nc1cccc(CC2SC(=O)NC2=O)c1,5.15,222.27,1.16,0.1642857142857143
CCOC(=O)c1cnc(NN)n2nc(-c3ccco3)nc12,7.2,288.27,0.85,0.4571428571428572
COc1ccc(-n2nc3c(NC(C)=O)nc4c(N)cccc4n3c2=O)cc1,5.96,364.37,1.58,0.2799999999999999
CNC(=O)c1cnn(-c2nc(N[C@H]3CCCO3)c3ncn([C@@H]4O[C@H](CO)[C@@H](O)[C@H]4O)c3n2)c1,6.14,460.45,-1.47,0.3057142857142856
Cn1c(=O)c2c(nc3n2CCCN3CCc2ccccc2)n(C)c1=O,5.54,339.4,0.89,0.22
Nc1nc(OCCc2c[nH]c3ccc(Br)cc23)nc2c1ncn2[C@@H]1O[C@H](CO)[C@@H](O)[C@H]1O,6.3,505.33,0.89,0.3285714285714285
CN1CCc2sc3nc(C(=O)Nc4ccc(F)cc4)c(N)cc3c2C1,5.66,356.43,3.26,0.2371428571428571
Nc1nn(-c2ccccc2)nc1C(=O)CCc1ccccc1,5.7,292.34,2.67,0.2428571428571428
CC(C)C/C=N/Nc1nc(N)c2ncn([C@@H]3O[C@H](CSC(C)C)[C@@H](O)[C@H]3O)c2n1,4.98,423.54,1.61,0.14
Cc1nc(N)c2nn(-c3ccccc3)cc2n1,6.61,225.25,1.71,0.3728571428571429
Nc1nc(NCCCc2ccccc2)nc2sc(-c3ccco3)nc12,7.24,351.44,3.97,0.4628571428571429
COc1cccc2cc(C(=O)NCCCCCO)c(=N)oc12,6.0,304.35,1.81,0.2857142857142857
CCn1c(=O)c2c(nc3ccccn32)n(Cc2ccccc2)c1=O,6.23,320.35,1.88,0.3185714285714286
O=c1n(-c2cccc(F)c2)nc2c(NC3CCCCC3)nc3ccccc3n12,7.18,377.42,3.92,0.4542857142857142
OCc1cnn(-c2nc(Nc3ccncc3)c3ncn([C@@H]4O[C@H](CO)[C@@H](O)[C@H]4O)c3n2)c1,5.83,440.42,-0.75,0.2614285714285714
Cc1cc(O)c(C(C)C)cc1N=C1CSC(=O)N1,5.75,264.35,3.31,0.25
CCCn1c(=O)c2[nH]c(-c3ccc(OCC(=O)O)cc3)cc2n(CCC)c1=O,6.91,385.42,2.44,0.4157142857142857
CCC(CC)Nc1nc(Cl)nc2c1ncn2[C@@]12C[C@H](O)[C@H](O)[C@@H]1C2,5.43,351.84,1.92,0.2042857142857142
Nc1nc(N2CCCN(CCc3cccc4c3CC(=O)N4)CC2)nc2nc(-c3ccco3)nn12,5.83,573.54,1.61,0.2614285714285714
CNc1nc(N)n2nc(-c3ccco3)nc2n1,7.31,231.22,0.4,0.4728571428571428
Nc1nc2nn(CCc3ccccc3)cc2c2nc(-c3ccc(F)cc3)nn12,6.9,373.4,3.11,0.4142857142857143
COc1cccc(CNc2nc(N)c3nc(-c4ccc(C)o4)sc3n2)c1,6.84,367.43,3.86,0.4057142857142857
Nc1cc(-c2ccc(F)cc2)c2oc(-c3ccco3)nc2c1,6.36,294.29,4.48,0.3371428571428572
CCN(C(=O)c1ccc2nc(-c3cnc4ccccn34)oc2c1)C1CCCCC1,6.59,388.47,4.94,0.37
Cc1ccc(Nc2nc3c(N4CCC[C@H]4CO)ncnc3s2)cc1,6.5,341.44,3.1,0.3571428571428571
COc1cccc2c(C(=O)NCc3cccc(COc4ccccc4F)n3)nc(N)nc12,9.7,433.44,3.26,0.8142857142857142
N#Cc1c(-c2ccccc2Cl)cc(-c2ccccc2)nc1N,7.05,305.77,4.52,0.4357142857142856
C=Cn1ncc2c1nc(N)n1c(=O)n(CC3CC3)nc21,7.56,271.28,0.33,0.5085714285714286
[C-]#[N+]c1ccc2ncc(-c3noc4cc(C(=O)N5CCOCC5)ccc34)n2c1,6.83,373.37,3.17,0.4042857142857143
Nc1nc(C(=O)NCc2ccc(Cl)cc2)cc(-c2ccco2)n1,7.76,328.76,2.9,0.5371428571428571
CCCn1c(=O)c2[nH]c(-c3ccco3)c(OS(=O)(=O)O)c2n(CCC)c1=O,6.39,397.41,1.75,0.3414285714285713
S=c1sc2c(ncn3nc(-c4ccco4)nc23)n1-c1cccc(Cl)c1,10.42,385.86,4.77,0.9171428571428571
COc1ccc(N2CCOCC2)c2sc(NC(=O)C(C)(C)Oc3ccc(C#N)cc3)nc12,7.24,452.54,3.81,0.4628571428571429
Cc1nc(-c2sc(NC(=O)c3ccccc3)nc2-c2ccccc2)no1,7.08,362.41,4.42,0.44
Nc1nc2c(cnn2CCN2CCN(c3ccc(OCC(=O)O)cc3)CC2)c2nc(-c3ccco3)nn12,8.85,503.52,1.6,0.6928571428571428
N#Cc1cnc(N)nc1-c1ccccc1,6.8,196.21,1.6,0.3999999999999999
CCCn1c(=O)c2[nH]c(-c3ccc(OC(C)C(=O)Nc4ccc(F)cc4)cc3)cc2n(CCC)c1=O,7.23,492.55,4.52,0.4614285714285714
CCCc1nn(C)c2c(=O)[nH]c(-c3cc(S(=O)(=O)N4CCN(C)CC4)ccc3OCC)nc12,6.7,474.59,1.61,0.3857142857142857
CCCCn1c(=O)c2c(nc3n2CCCN3c2ccc(OCCN(C)C)cc2)n(CCCC)c1=O,5.99,482.63,3.44,0.2842857142857143
CCCn1c(=O)c2[nH]c(-c3ccc(OCC(=O)Nc4ccc(OC(F)(F)F)cc4)cc3)cc2n(CCC)c1=O,6.97,544.53,4.89,0.4242857142857142
Nc1nc(-c2cccc(O)c2)cn2c(=O)n(-c3ccccc3)nc12,8.46,319.32,1.83,0.6371428571428572
Nc1nc2c(cnn2CCc2ccc(S(=O)(=O)N(CCCl)CCCl)cc2)c2nc(-c3ccco3)nn12,9.23,549.44,3.03,0.7471428571428572
Cc1ccc(-c2nc(N)c3cc(CN4CCCC4)sc3n2)o1,7.58,314.41,3.44,0.5114285714285715
CCn1c(=O)n(CC2CC2)c(=O)c2[nH]c(-c3cnn(-c4ccc(C(F)(F)F)nc4)c3)nc21,5.64,445.41,2.58,0.2342857142857142
COCCOc1ccc(N2CCN(CCn3cnc4c3nc(N)n3nc(-c5ccccc5)nc43)CC2)cc1,8.43,513.61,2.57,0.6328571428571428
COc1cccc(-n2c(=O)n(Cc3c(F)cccc3F)c3cnc(NC4CC4)nc32)c1,8.4,423.42,3.49,0.6285714285714287
Nc1nc(-c2ccccc2)cn2c(=O)n(-c3ccccc3)nc12,8.0,303.33,2.13,0.5714285714285714
CCCC(=O)Nc1cc(-c2ccco2)nc(-c2ccco2)n1,8.24,297.31,3.74,0.6057142857142858
Nc1nc(OCCCCc2ccccc2)nc2c1ncn2[C@@H]1O[C@H](CO)[C@@H](O)[C@H]1O,6.29,415.45,0.42,0.3271428571428571
CCOC(=O)c1nc(NC(=O)c2ccc(C)cc2)nc2nn(C)cc12,4.93,339.36,2.1,0.1328571428571428
Nc1nc(-c2ccccc2)c2c(n1)-c1cc(Cc3cncc(F)c3)ccc1C2=O,8.89,382.4,4.06,0.6985714285714286
Cn1c(=O)n(CCN2CCN(c3ccc(OCCOC4CC4)cc3)CC2)c2nc(N)n3nc(-c4ccco4)nc3c21,8.7,559.63,2.0,0.6714285714285714
CCCCn1cc2c(nc(NC(=O)Nc3ccc(F)cc3)n3nc(-c4ccco4)nc23)n1,7.3,434.44,4.32,0.4714285714285714
CCCn1c(=O)c2nc([C@]34CC[C@](C(=O)OC)(CC3)CC4)[nH]c2n(CCC)c1=O,6.04,402.5,2.47,0.2914285714285714
CC(C)(C)Cn1cc2c(Cl)nc(NC(=O)Cc3ccccc3)nc2n1,4.63,357.85,3.71,0.0899999999999999
CCCn1c(=O)c2nc(-c3ccc(OCC(=O)Nc4ccc(C(=O)OC)cc4)cc3)[nH]c2n(CCC)c1=O,5.51,519.56,3.18,0.2157142857142857
CCN(CC)Cc1cc2c(N)nc(-c3ccco3)nc2s1,7.26,302.4,3.38,0.4657142857142857
COCCOc1cccc(OC(C)(C)C(=O)Nc2nc3c(OC)cnc(N4CCOCC4)c3s2)c1,7.85,502.59,3.36,0.5499999999999999
Cn1cc2c(Cl)nc(NC(=O)Cc3ccccc3)nc2n1,4.52,301.74,2.2,0.0742857142857142
Cn1cc2c(NC(=O)c3ccccc3)nc(-c3ccccc3)nc2n1,6.14,329.36,3.28,0.3057142857142856
OC[C@H]1OC(n2cnc3c(NCc4cccc(I)c4)nc(-n4cc(-c5nccc6ccccc56)cn4)nc32)[C@H](O)[C@@H]1O,7.28,676.48,3.06,0.4685714285714286
CCCn1c(=O)c2[nH]c(-c3ccc(OCC(=O)c4c(NC(=O)O)n(C)c(=O)n(C)c4=O)cc3)cc2n(CCC)c1=O,7.1,566.57,1.73,0.4428571428571428
CCCN(CCCNC(=O)CCCNC(=O)CCCOc1ccc(CCNc2nc(N)n3nc(-c4ccco4)nc3n2)cc1)CCc1cccc2c1CC(=O)N2,6.96,765.92,4.03,0.4228571428571429
CCCCC#Cc1nc(N)c2ncn([C@@H]3O[C@H](CSC)[C@@H](O)[C@H]3O)c2n1,6.16,377.47,0.93,0.3085714285714286
CONc1nc(C#Cc2ccc(C(C)=O)cc2)nc2c1ncn2[C@@H]1O[C@H](CO)[C@@H](O)[C@H]1O,5.57,439.43,0.01,0.2242857142857143
Nc1nc(NCCc2ccc(O)cc2)nc2nc(-c3ccco3)nn12,7.38,337.34,1.72,0.4828571428571428
Cn1c(-c2ccco2)nc2c(N)ncnc21,8.12,215.22,1.21,0.5885714285714284
N#Cc1cccc(-c2cc(C(=O)NCc3ccccn3)nc(N)n2)c1,6.89,330.35,1.92,0.4128571428571428
Cn1c(=O)c2[nH]c(-c3ccc(OCC(=O)N4CCc5ccccc5C4)cc3)cc2n(C)c1=O,6.37,444.49,2.2,0.3385714285714286
Nc1nc(-c2ccccc2)c2c(n1)-c1cc(Cc3cccnc3)ccc1C2=O,9.52,364.41,3.92,0.7885714285714285
N#Cc1c(N)nc(SCc2ncc[nH]2)c(C#N)c1-c1ccccc1,7.97,332.39,3.09,0.5671428571428571
Cc1cc(-c2nnc(N)nc2-c2cccc(F)c2)cc(C)n1,7.98,295.32,2.94,0.5685714285714286
CCOC(=O)COc1cc(C)c2c(=O)c(-c3nc(C)cs3)coc2c1,7.0,359.4,3.48,0.4285714285714285
CCCn1c(=O)c2[nH]c(-c3ccc(OCC(=O)N4CCN(c5nc6ccc(Cl)cc6s5)CC4)cc3)cc2n(CCC)c1=O,6.09,621.16,4.97,0.2985714285714285
CCCN(CCCNC(=O)CCCCCCCNC(=O)CCCOc1ccc(CCNc2nc(N)n3nc(-c4ccco4)nc3n2)cc1)CCc1cccc2c1CC(=O)N2,7.39,822.03,5.59,0.4842857142857142
COc1cc(OC)cc([C@@H](CNc2ncnc3c2ncn3[C@@H]2O[C@H](CO)[C@@H](O)[C@H]2O)c2ccccc2C)c1,6.78,521.57,2.01,0.3971428571428572
CCn1cc2c(nc(NC(=O)Nc3ccc([N+](=O)[O-])cc3)n3nc(-c4ccco4)nc23)n1,6.21,433.39,3.31,0.3157142857142857
COc1ccc(-n2ccnc2SCC(=O)c2c(N)n(C3CC3)c(=O)[nH]c2=O)cc1,4.6,413.46,1.62,0.0857142857142856
CN(C)C(=O)CN(C)C(=O)c1cc(N)n2nc(-c3ccc(Br)o3)nc2c1,8.52,421.26,1.49,0.6457142857142857
CCNC(=O)[C@H]1O[C@@H](n2cnc3c(N)nc(NCCN4CCN(c5ccc(F)c(Cl)c5)CC4)nc32)[C@H](O)[C@@H]1O,7.39,564.02,0.19,0.4842857142857142
CCCn1c(=O)c2[nH]c(-c3ccc(OCC(=O)Nc4ccc(C)cc4)cc3)c(Cl)c2n(CCC)c1=O,7.49,509.01,4.96,0.4985714285714286
Cc1csc(-c2coc3cc(OCC4CC4)cc(C)c3c2=O)n1,7.1,327.41,4.32,0.4428571428571428
CCN(CC)C1CCC(C)(C(=O)Nc2nc3c(OC)ccc(N4CCOCC4)c3s2)CC1,9.7,460.64,4.37,0.8142857142857142
Cn1c(=O)c2[nH]c(Cc3ccc(OCCCN4CCC5(CC4)OCCO5)cc3)nc2n(C)c1=O,8.09,469.54,1.16,0.5842857142857143
CCOC(=O)c1nc(NC(=O)c2ccc(F)cc2)nc2nn(C(C)C)cc12,5.55,371.37,2.98,0.2214285714285714
Nc1n[nH]c2nc(-c3ccco3)c(-c3ccncn3)cc12,6.07,278.28,2.26,0.2957142857142857
CCNC(=O)[C@H]1O[C@@H](n2cnc3c(N)nc(NC4CCCC4)nc32)[C@H](O)[C@@H]1O,8.66,391.43,-0.48,0.6657142857142857
Nc1nc(NCc2ccsc2)nc2sc(-c3ccco3)nc12,9.6,329.41,3.6,0.7999999999999999
CCC(CC)Nc1nc(Cl)nc2c1ncn2[C@H]1[C@H](O)[C@H](O)[C@@H]2C[C@@H]21,5.43,351.84,1.99,0.2042857142857142
Clc1nc(-c2cccs2)c2sccc2n1,6.41,252.75,4.07,0.3442857142857143
CCCCCn1c(NC(=O)c2cccc(C#N)c2)nc2cc(C(=O)N3CCCCC3)cnc21,6.04,444.54,4.37,0.2914285714285714
OC[C@@]12C[C@@H]1[C@@H](n1cnc3c(N[C@H](C4CCC4)C4CC4)nc(Cl)nc31)[C@H](O)[C@@H]2O,5.57,419.91,1.75,0.2242857142857143
N=C(N)Nc1nc(OCCc2c[nH]c3ccccc23)nc2c1ncn2[C@@H]1O[C@H](CO)[C@@H](O)[C@H]1O,6.56,468.47,-0.15,0.3657142857142856
Nc1cc(C(=O)N2CCCCCC2)ccc1C(=O)c1cnc2ccc(F)cn12,6.99,380.42,3.3,0.4271428571428571
Cn1cc2c(nc(NC(=O)Nc3ccc4c(c3)OCO4)n3nc(-c4ccco4)nc23)n1,6.17,418.37,2.64,0.31
Cc1ccc(NC(=O)Nc2nc3nn(C)cc3c3nc(-c4ccco4)nn23)cc1,6.96,388.39,3.22,0.4228571428571429
COc1cccc(CNc2nc(N)c3nc(-c4cnccn4)sc3n2)c1,6.01,365.42,2.75,0.2871428571428571
CN(Cc1ccccc1)C(=O)COc1ccc(-c2cc3c([nH]2)c(=O)n(C)c(=O)n3C)cc1,5.99,432.48,2.27,0.2842857142857143
CCn1cnc2c(NCCc3ccccc3)ncnc21,5.87,267.34,2.5,0.2671428571428572
CCNc1nc(C(=O)c2cccs2)c2sccc2n1,7.6,289.39,3.42,0.5142857142857142
Nc1nc2c(cnn2CCN2CCN(c3ccc(F)cc3)CC2)c2nc(-c3ccco3)nn12,9.0,447.48,2.28,0.7142857142857143
COc1ccc(-c2nc3c([nH]2)c(=O)n(C)c(=O)n3C)cc1OCCN1CCOCC1,7.0,415.45,0.35,0.4285714285714285
O=C(Nc1ccc(-c2ccncc2)c(-c2ccncc2)n1)C1CC1,6.79,316.36,3.55,0.3985714285714286
CCCn1c(-c2ccccc2)nc2c(NC3CCCCC3)ncnc21,5.97,335.46,4.65,0.2814285714285714
OC[C@H]1CCCN1c1nc(-c2nccs2)c2sccc2n1,8.44,318.43,2.78,0.6342857142857142
CC(C)Nc1nc(N)n2nc(-c3ccco3)nc2n1,7.19,259.27,1.18,0.4557142857142858
CC(=O)CCc1nc(N)c2nc(-n3nccn3)n(C)c2n1,7.92,286.3,0.05,0.5599999999999999
CCn1nnc([C@H]2O[C@@H](n3cnc4c(Nc5ccc(Cl)cc5F)ncnc43)[C@H](O)[C@@H]2O)n1,7.11,461.85,1.36,0.4442857142857143
Cn1cc2c(nc(NC(=O)Nc3ccncc3)n3nc(-c4ccco4)nc23)n1,7.19,375.35,2.31,0.4557142857142858
COc1cccc(-n2c(=O)n(Cc3c(F)cccc3F)c3cnc(Nc4cccnc4)nc32)c1,6.96,460.44,4.06,0.4228571428571429
CNC(=O)[C@@]12C[C@@H]1[C@@H](n1cnc3c(NCc4cccc(Cl)c4)nc(C#CCCCCc4cn(CCNC(C)=O)nn4)nc31)[C@H](O)[C@@H]2O,5.61,661.17,1.61,0.23
CCn1nnc([C@H]2O[C@@H](n3cnc4c(NCc5ccco5)nc(Cl)nc43)[C@H](O)[C@@H]2O)n1,7.22,447.84,0.68,0.4599999999999999
COc1ccccc1-n1cc2nc(-c3ccco3)nc(N)c2n1,6.44,307.31,2.67,0.3485714285714286
CCn1c(=O)c2[nH]c(-c3ccc(OCC(=O)NC4CCCC4)cc3)nc2n(CCCOC)c1=O,7.02,469.54,2.05,0.4314285714285714
Nc1nc(-c2ccco2)c2ncn(Cc3ccc(C(F)(F)F)cc3)c2n1,8.22,359.31,3.74,0.602857142857143
CCCc1nc(N)c2nc(-n3nccn3)n(C)c2n1,7.08,258.29,0.48,0.44
O=C(CCc1ccccc1)Nc1nc2ccccc2n2nc(-c3ccco3)nc12,7.2,383.41,4.11,0.4571428571428572
O[C@@H]1[C@H](O)[C@@H](CSc2ccccc2F)O[C@H]1n1cnc2c(NC3CCCC3)nc(Cl)nc21,5.66,479.97,3.38,0.2371428571428571
COc1ccc(CCNc2nc(N)c(C(=O)N=C(N)N)nc2Cl)cc1,5.36,400.27,0.79,0.1942857142857143
CCNc1c2c(nc(NC(=O)Cc3ccc4c(c3)OCO4)n3nc(-c4ccco4)nc23)nn1C,7.21,460.45,2.61,0.4585714285714286
CC(C)Cn1c(=O)c2[nH]c(-c3cn[nH]c3)nc2n(C)c1=O,5.86,288.31,0.47,0.2657142857142857
Cn1cc2c(nc(NCCCCNC(=S)Nc3ccc(-c4c5ccc(=O)cc-5oc5cc(O)ccc45)c(C(=O)O)c3)n3nc(-c4ccco4)nc23)n1,6.34,715.75,5.73,0.3342857142857142
CNC(=O)c1cnn(-c2nc(N)c3ncn([C@@H]4O[C@H](CO)[C@@H](O)[C@H]4O)c3n2)c1,5.95,390.36,-2.43,0.2785714285714286
CCNC(=O)[C@H]1OC(n2cnc3c(NCCCCCCCCNc4ccc([N+](=O)[O-])c5nonc45)ncnc32)[C@H](O)[C@@H]1O,5.29,598.62,1.89,0.1842857142857143
Nc1nc2c(cnn2CCN2CCN(c3cnccn3)CC2)c2nn(Cc3ccccc3)c(=O)n12,7.9,471.53,0.48,0.5571428571428572
N#Cc1c(-c2ccccc2)cc(-c2ccc[nH]2)nc1N,6.19,260.3,3.2,0.3128571428571429
CCCn1c(=O)c2[nH]c(-c3ccc(OCC(=O)N4CCN(c5ccccc5)CC4)cc3)cc2n(CCC)c1=O,6.79,529.64,3.71,0.3985714285714286
COc1ccc(-c2cnn(-c3nc(NCc4cccc(I)c4)c4ncn(C5O[C@H](CO)[C@@H](O)[C@H]5O)c4n3)c2)cc1,5.4,655.45,2.52,0.2
CCCC(=O)N[C@H]1C[C@@H](n2cnc3c(NCC(c4ccccc4)c4ccccc4)nc(NCCc4cn(C(C)C)cn4)nc32)[C@H](O)[C@@H]1O,6.8,651.82,4.45,0.3999999999999999
Nc1nc2c(cnn2CCCc2ccc(N(CCO)CCO)cc2)c2nc(-c3ccco3)nn12,8.96,462.51,1.74,0.7085714285714287
CCN(C(C)=O)c1ccc(OC)c2nc(NC(=O)[C@@H]3CC[C@H](NC(=O)c4cccc(C(F)(F)F)c4)C3)sc12,7.09,548.59,5.23,0.4414285714285714
Cn1cc2c(nc(NNC(=S)Nc3ccc(-c4c5ccc(=O)cc-5oc5cc(O)ccc45)c(C(=O)O)c3)n3nc(-c4ccco4)nc23)n1,6.04,659.64,4.87,0.2914285714285714
COC(=O)C1=C(C)NC(C)=C(C(=O)OCC(C)C)C1c1ccccc1[N+](=O)[O-],5.64,388.42,3.2,0.2342857142857142
CCCn1c(=S)sc2c1ncn1nc(-c3ccco3)nc21,9.42,317.4,3.54,0.7742857142857142
CCCn1c(=O)n(C)c(=O)c2[nH]c(-c3ccc(OCC(=O)N4CCC(c5ccc(OC)cc5)CC4)cc3)cc21,6.4,530.63,3.9,0.3428571428571429
Cc1cn2c(NC(=O)C3CCCC3)nc(-c3ccccc3)nc2n1,5.37,321.38,3.23,0.1957142857142857
Nc1nc(C(=O)NCc2cccc(CO)n2)cc(-c2ccco2)n1,8.03,325.33,1.14,0.5757142857142856
Cn1c(=O)c2c(nc3n2CCN3C2CCCCC2)n(C)c1=O,5.79,303.37,0.59,0.2557142857142857
c1ccc(-c2nc(-c3ccccc3)c3nc(C4CCCC4)nc-3[nH]2)cc1,7.26,340.43,5.3,0.4657142857142857
Nc1nc(-n2cncn2)c2nnn(Cc3ccccc3F)c2n1,6.4,311.28,0.57,0.3428571428571429
CSc1cccc2c(C(=O)NCc3cccc4cccnc34)nc(N)nc12,8.11,375.46,3.41,0.5871428571428571
CCCn1c(=O)c2nc(-c3cnn(Cc4cccc(Cl)c4)c3)[nH]c2n(CCC)c1=O,7.1,426.91,3.27,0.4428571428571428
COCCCn1c(NC(=O)c2cccc(C#N)c2)nc2cc(C(=O)N3CCOCC3)cnc21,7.04,448.48,2.06,0.4342857142857143
Cc1[nH]c2nc(-c3ccccc3)nc(NCCN3CCNC3=O)c2c1C,6.22,350.43,2.68,0.3171428571428571
C#CCn1c(=O)c2c(nc3n2CCCN3CCc2ccccc2)n(C)c1=O,5.92,363.42,0.98,0.2742857142857143
N#Cc1cccc(-c2nc(Nc3cccnc3)sc2-n2ccnc2)c1,5.57,344.4,4.01,0.2242857142857143
O=C(CCN1CCOCC1)Nc1cc(-c2ccco2)c2oc(-c3ccco3)nc2c1,7.05,407.43,4.01,0.4357142857142856
Cc1cc(C)n(-c2cc(NC(=O)CN3CCN(C)CC3)nc(-c3ccco3)n2)n1,8.7,395.47,1.73,0.6714285714285714
Cc1cc(C(=O)Nc2nccs2)cc(Cl)c1NC(=O)CC(C)(C)C,7.5,365.89,4.73,0.5
C=Cn1ncc2c1nc(N)n1c(=O)n(Cc3ccccc3)nc21,9.52,307.32,0.97,0.7885714285714285
COc1cccc2c1nc(N)n1nc(CN3CCN(c4nsnc4Cl)C[C@H]3C)nc21,8.28,445.94,2.08,0.6114285714285713
CCCn1c(=O)c2[nH]c(-c3ccc(COC(=O)Nc4ccon4)cc3)cc2n(CCC)c1=O,7.66,451.48,3.72,0.5228571428571429
CCCCC#Cc1nc(NCc2cccc(Cl)c2)c2ncn([C@@H]3SC[C@@H](O)[C@H]3O)c2n1,5.43,457.99,3.6,0.2042857142857142
Cc1csc(-c2coc3cccc(C)c3c2=O)n1,6.5,257.31,3.53,0.3571428571428571
CCCn1c(=O)c2nc(-c3ccc(OCc4noc(-c5ccc(C)cc5)n4)cc3)[nH]c2n(CCC)c1=O,6.0,500.56,4.31,0.2857142857142857
O=C(CCN1CCc2ccccc2C1)Nc1cc(-c2ccco2)c2oc(-c3ccco3)nc2c1,7.52,453.5,5.73,0.5028571428571428
COc1ccc(-n2c(C(=O)c3sc(Nc4ccccc4)nc3-c3ccccc3)cnc2N)cc1,5.05,467.55,5.56,0.1499999999999999
CCCn1c(=O)c2nc([C@H]3CC4C[C@@H]3[C@H]3O[C@@H]43)[nH]c2n(CCC)c1=O,5.78,344.42,1.6,0.2542857142857143
CCNC(=O)[C@H]1O[C@@H](n2cnc3c(N)nc(NCCc4ccc(CCC(=O)Nc5ccc(OC(C)=O)c([N+](=O)[O-])c5)cc4)nc32)[C@H](O)[C@@H]1O,8.5,677.68,1.22,0.6428571428571429
COc1ccc(CC(=O)Nc2cc(-n3nc(C)cc3C)nc(-c3ccc(C)o3)n2)cc1C,8.52,431.5,4.35,0.6457142857142857
CCCCC#Cc1nc(NCC)c2ncn([C@@H]3O[C@H](CO)[C@@H](O)[C@H]3O)c2n1,6.57,375.43,0.41,0.3671428571428571
CS(=O)(=O)c1ccc(Cn2cnc3c(-c4ccco4)nc(N)nc32)cc1,6.11,369.41,2.12,0.3014285714285715
COc1ccc(C(=O)Nc2nc(-c3ccccc3)c(C(=O)c3ccccn3)s2)cc1,6.89,415.47,4.7,0.4128571428571428
N#Cc1cccc(C(=O)Nc2nc3cc(C(=O)N4CCCCC4)cnc3n2C2CCOCC2)c1,6.75,458.52,3.53,0.3928571428571428
CCOc1ccc(N2CCN(CCn3ncc4c3nc(N)n3nc(-c5ccco5)nc43)CC2)cc1,8.85,473.54,2.54,0.6928571428571428
CCn1nc(-c2cccc(-c3cccc(O)c3)c2)cc(NC(=O)Nc2c(Cl)cncc2Cl)c1=O,6.78,496.35,5.65,0.3971428571428572
CCNC(=O)[C@H]1O[C@@H](n2cnc3c(N)nc(NCCN4CCN(Cc5ccccc5)CC4)nc32)[C@H](O)[C@@H]1O,6.08,525.61,-0.61,0.2971428571428571
CNC(=O)[C@H]1O[C@@H](n2cnc3c(NCc4cccc(I)c4)ncnc32)[C@H](O)[C@@H]1O,5.54,510.29,0.41,0.22
CN(C)CCn1ncc2c1nc(N)n1c(=O)n(Cc3cccc(Cl)c3)nc21,8.28,386.85,1.09,0.6114285714285713
CCNc1ncc(C(=O)OCC)c2nc(-c3ccco3)nn12,7.3,301.31,1.99,0.4714285714285714
Nc1nc(Cc2ccccc2O)nc2cn(-c3ccccc3)nc12,7.05,317.35,2.69,0.4357142857142856
Nc1ncnc2c1nc(Br)n2CCCO,7.07,272.11,0.55,0.4385714285714286
Nc1nc(CCCc2ccccc2)nc2cn(-c3ccccc3)nc12,6.37,329.41,3.57,0.3385714285714286
CCCOc1cc(NC(=O)CC)nc(SCCC)n1,7.15,283.4,3.12,0.45
O=C(Nc1ncc(C(=O)O)c2nc(-c3ccco3)nn12)NC1CCCCC1,4.61,370.37,2.54,0.0871428571428571
Nc1nc2c(cnn2CCCc2ccc(OCCc3ccccc3)cc2)c2nc(-c3ccco3)nn12,7.1,479.54,4.57,0.4428571428571428
Cc1ccc(-c2nc(Nc3ccccc3)sc2C(=O)Nc2sc3c(c2C(N)=O)CCCC3)cc1,5.46,488.64,6.15,0.2085714285714285
O=C(c1cccs1)c1nc(NCc2cccnc2)nc2cc(Cl)sc12,7.21,386.89,4.64,0.4585714285714286
CCCn1c(=O)c2nc(-c3cnn(Cc4nc(-c5ccccc5)no4)c3)[nH]c2n(CCC)c1=O,5.96,460.5,2.67,0.2799999999999999
Cc1ccc(C(=O)Nc2nc(Cl)c3cn(C(C)C)nc3n2)cc1,5.96,329.79,3.62,0.2799999999999999
CCCn1c(=O)c2nc([C@H]3CC[C@H](CO)CC3)[nH]c2n(CCC)c1=O,6.5,348.45,1.97,0.3571428571428571
CCn1c(=O)c2[nH]c(Cc3cccs3)nc2n(Cc2cccs2)c1=O,5.4,372.48,2.67,0.2
O=C(c1ccccc1)c1sc(NCCc2cccs2)nc1-c1ccco1,7.92,380.49,5.35,0.5599999999999999
CCCn1c(=O)n(C)c(=O)c2[nH]c(-c3ccc(OCC(=O)N4CCc5ccccc5C4)cc3)cc21,6.0,472.55,3.07,0.2857142857142857
CNC(=O)[C@]12C[C@@H]1[C@@H](n1cnc3c(NCc4cc(Cl)ccc4OCc4ccccc4)nc(Cl)nc31)[C@H](O)[C@@H]2O,6.07,569.45,3.35,0.2957142857142857
C[S+]([O-])COc1ccc(N2CCN(CCn3ncc4c3nc(N)n3nc(-c5ccco5)nc43)CC2)cc1,8.66,521.61,1.85,0.6657142857142857
CC(C)CCn1cc2c(nc(NC(=O)Cc3cccc4ccccc34)n3nc(-c4ccco4)nc23)n1,7.38,479.54,5.11,0.4828571428571428
CCn1nnc([C@H]2O[C@@H](n3cnc4c(N)nc(NC(C)Cc5ccc(Cl)cc5)nc43)[C@H](O)[C@@H]2O)n1,7.79,500.95,1.1,0.5414285714285715
COc1ccc(CNC(=O)c2nc(N)nc3c(OC)cccc23)nc1,8.11,339.36,1.55,0.5871428571428571
Nc1nc(-c2ccco2)nc2cn(Cc3ccccc3O)nc12,7.77,307.31,2.42,0.5385714285714285
Cc1ccc2c(O)ccnc2n1,5.75,160.18,1.64,0.25
CCCCC(=O)N1CCN(c2nc(N)n3nc(-c4ccco4)nc3n2)CC1,6.91,370.42,1.2,0.4157142857142857
CC(=O)Nc1cc(-c2cccc(CO[C@H]3CCN(C)C3)c2)nc(-n2nc(C)cc2C)n1,7.14,420.52,3.13,0.4485714285714285
CCNC(=O)[C@H]1O[C@@H](n2cnc3c(NCC)nc(C#CCC(C)O)nc32)[C@H](O)[C@@H]1O,5.61,418.45,-0.86,0.23
Cc1cc(C)cc(-c2nc(NC3CCCC3)c3ncn([C@@H]4O[C@H](Cn5nc(C)cc5C)[C@@H](O)[C@H]4O)c3n2)c1,5.23,517.63,3.6,0.1757142857142857
Nc1nc(-n2cccn2)nc(NCC2CC2)c1Br,8.0,309.17,1.83,0.5714285714285714
Nc1nc(-c2sc(NC(=O)c3ccco3)nc2-c2ccccc2)nc2sc3c(c12)CCCC3,4.84,473.58,5.79,0.1199999999999999
CCCC(=O)Oc1ccc(CCNc2nc(N)n3nc(-c4ccco4)nc3n2)cc1,7.52,407.43,2.72,0.5028571428571428
Cn1c(=O)c2[nH]c(-c3ccc(OCC(=O)N4CCC(C(=O)c5ccc(F)cc5)CC4)cc3)cc2n(C)c1=O,6.52,518.55,2.87,0.3599999999999999
CNc1ncc(C(=O)NCc2ccc(OC)c(OC)c2)c2nc(-c3ccco3)nn12,6.85,408.42,2.37,0.4071428571428571
Nc1nc(C(=O)NCc2cccc3cccnc23)c2cccc(Br)c2n1,9.15,408.26,3.45,0.7357142857142858
CCCCc1nc2[nH]cnc2c2nc(-c3ccc(OCCC)cc3)nn12,7.31,350.43,3.8,0.4728571428571428
Cc1ccc(Nc2nc(C)c(C(=O)Nc3sc4c(c3C#N)CCCC4)s2)cc1,5.25,408.55,5.57,0.1785714285714285
COc1ccc(-c2cc(C(=O)NCc3ccccn3)nc(N)n2)cc1,6.82,335.37,2.06,0.4028571428571429
O[C@@H]1[C@H](O)[C@@H]2C[C@@H]2[C@H]1n1cnc2c(NCc3cccc(Cl)c3)nc(C#Cc3ccccc3)nc21,6.17,471.95,3.4,0.31
C[C@@H](NC(=O)n1cnc2c(-c3ccco3)nc(N)nc21)c1ccccc1,7.58,348.37,2.99,0.5114285714285715
CCCn1c(=O)c2c(nc(Cc3cccs3)n2C)n(Cc2ccco2)c1=O,6.62,384.46,2.6,0.3742857142857143
S/C(Cc1ccccc1)=N\N=C\c1ccccn1,7.0,255.35,2.99,0.4285714285714285
CCNC(=O)[C@H]1O[C@@H](n2cnc3c(N)nc(NC(CC)CC)nc32)[C@H](O)[C@@H]1O,7.07,393.45,-0.24,0.4385714285714286
Nc1ncnc2c1ncn2[C@@H]1O[C@H](C(=O)NC2CCCC2)[C@@H](O)[C@H]1O,6.65,348.36,-0.91,0.3785714285714286
CCOc1cccc2cc(C(=O)NCc3ccccn3)c(=N)oc12,6.13,323.35,2.64,0.3042857142857142
Nc1nc(-c2ccccc2)c2c(n1)-c1cc(CNN3CCCCCC3)ccc1C2=O,7.89,399.5,3.82,0.5557142857142857
CCNC(=O)[C@H]1O[C@@H](n2cnc3c(NCC)nc(C#CCCCCO)nc32)[C@H](O)[C@@H]1O,5.96,432.48,-0.47,0.2799999999999999
COc1ccc(-c2cc3nn(Cc4ccccc4)c(=O)n3c(N)n2)cc1,6.2,347.38,2.2,0.3142857142857143
Nc1nc(C(=O)NCc2cccc3c2NCCC3)c2cccc(F)c2n1,8.12,351.39,2.64,0.5885714285714284
O=C(c1nccs1)c1nc(C(F)(F)F)nc2ccsc12,6.47,315.3,3.4,0.3528571428571428
Cc1cc(C)n(-c2cc(NC(=O)COc3cc(F)cc(CN4CCCC4)c3)nc(-c3ccc(C)o3)n2)n1,9.3,504.57,4.6,0.7571428571428572
CCCC(=O)Nc1cc(-c2ccccc2)nc(-c2ccccc2)n1,6.91,317.39,4.55,0.4157142857142857
COc1cccc(/C=C/c2cc3c(c(=O)n(C)c(=O)n3C)n2C)c1,6.41,325.37,1.75,0.3442857142857143
CC(C)(C)CC(=O)N1CCN(c2nc(N)n3nc(-c4ccco4)nc3n2)CC1,7.96,384.44,1.45,0.5657142857142857
CC[C@H](Nc1nc(Cl)nc2c1ncn2[C@H]1[C@H](O)[C@H](O)[C@@H]2C[C@@H]21)C1CC1,5.31,363.85,1.99,0.187142857142857
Nc1c(C(=O)c2ccccc2)oc2ccc(Br)cc12,5.66,316.15,4.01,0.2371428571428571
CCCn1c(=O)c2[nH]c(-c3ccc(OC(C)C(=O)N4CCN(c5ccccc5)CC4)cc3)cc2n(CCC)c1=O,6.62,543.67,4.09,0.3742857142857143
Cn1c(-c2ccc(O)cc2)nc2c(NC3CCCC3)ncnc21,6.27,309.37,3.09,0.3242857142857142
COc1cccc(-n2c(=O)n(C)c3cnc(NC4CC4)nc32)c1,5.58,311.35,1.7,0.2257142857142857
Nc1nc(-c2ccco2)c2ncn(C(=O)Nc3ccccc3)c2n1,6.69,320.31,2.75,0.3842857142857143
O=C(Cc1ccccc1)Nc1nc(NCc2ccccc2)nc2nc(-c3ccco3)nn12,8.27,425.45,3.57,0.61
O=C(NCCNC(=O)c1nc(NCC(c2ccccc2)c2ccccc2)c2ncn([C@@H]3O[C@H](CO)[C@@H](O)[C@H]3O)c2n1)NCCN1CCCCC1,7.35,687.8,1.2,0.4785714285714285
CCCn1c(=O)c2[nH]c(-c3ccc(OC(CC)C(=O)Nc4ccc(Br)cc4)cc3)cc2n(CCC)c1=O,7.5,567.48,5.54,0.5
Nc1nc2c(cnn2CCCc2ccc(S(=O)(=O)O)cc2)c2nc(-c3ccco3)nn12,6.85,439.46,2.2,0.4071428571428571
CCCn1c(=O)c2nc(-c3cnn(Cc4cc(-c5ccccc5Cl)on4)c3)[nH]c2n(CCC)c1=O,5.57,493.96,3.93,0.2242857142857143
CCNC(=O)[C@H]1O[C@@H](n2cnc3c(NNC(=O)c4cccs4)nc(Cl)nc32)[C@H](O)[C@@H]1O,5.77,467.89,0.05,0.2528571428571428
OC[C@H]1OC(n2cnc3c(NC4CCC[C@H]4OCc4ccccc4)ncnc32)[C@H](O)[C@@H]1O,6.32,441.49,0.99,0.3314285714285714
O=c1oc2c(O)cccc2cc1-c1cccs1,5.13,244.27,3.23,0.1614285714285714
Nc1nc(-c2ccco2)nc2sc(CN3CCC(F)CC3)cc12,7.71,332.4,3.47,0.53
Cc1ccc(-c2nc3c(N)cc(C(=O)N4CCCCC4)cn3n2)o1,7.24,325.37,2.51,0.4628571428571429
NCCCCCNc1nc(N)n2nc(-c3ccco3)nc2n1,7.04,416.36,0.9,0.4342857142857143
S=C(NCc1ccccc1)N(Cc1ccccc1)c1nc2c(Cl)ncnc2s1,5.73,425.97,4.82,0.2471428571428572
CCn1nnc([C@H]2O[C@@H](n3cnc4c(NCc5ccc(Cl)cc5F)ncnc43)[C@H](O)[C@@H]2O)n1,6.6,475.87,1.23,0.3714285714285714
CCC(C)n1c(Br)nc2c(N)ncnc21,6.41,270.13,2.14,0.3442857142857143
Cc1cc(C)n(C[C@H]2O[C@@H](n3cnc4c(N[C@@H]5CCOC5)ncnc43)[C@H](O)[C@@H]2O)n1,4.54,415.45,0.16,0.0771428571428571
OC[C@H]1O[C@@H](n2cnc3c(NCc4cccnc4)ncnc32)[C@H](O)[C@@H]1O,5.64,358.36,-0.56,0.2342857142857142
CCn1c(=O)c2[nH]c(-c3ccc(OCC(=O)Nc4ccccn4)cc3)nc2n(CCCOC)c1=O,6.77,478.51,2.02,0.3957142857142856
Oc1cc(-c2ccccc2)nc2nc(Oc3ccccc3)ccc12,5.32,314.34,4.79,0.1885714285714286
COCCn1c(=O)c2c(nc(Cc3c(F)cccc3F)n2C)n(Cc2ccco2)c1=O,6.31,430.41,2.05,0.3299999999999999
Cc1cc(C)n(-c2cc(NC(=O)CN3CCC[C@H](CN(C)C)C3)nc(-c3ccc(C)o3)n2)n1,8.0,451.58,3.06,0.5714285714285714
Cn1c(-c2cccc(F)c2)nc2c(N)nc(C#CC(C)(C)O)nc21,8.04,325.35,1.87,0.5771428571428571
CCCn1c(=O)c2nn(C3CCCCC3)nc2n(CCC)c1=O,4.66,319.41,2.08,0.0942857142857143
Cc1ccc2c(O)cc(-c3cccc([N+](=O)[O-])c3)nc2n1,6.24,281.27,3.22,0.32
O=C(O)c1cnc(NCC2CCCCC2)n2nc(-c3ccco3)nc12,4.47,341.37,3.07,0.0671428571428571
C[C@H](Cc1ccccc1)Nc1ncnc2c1ncn2[C@@H]1O[C@H](CO)[C@@H](O)[C@H]1O,6.05,385.42,0.48,0.2928571428571428
Cn1cc2c(nc(NC(=O)Cc3cccs3)n3nc(-c4ccco4)nc23)n1,7.25,379.41,2.51,0.4642857142857143
CCCn1c(=O)c2nc(-c3cnn(Cc4cccc(Cl)c4F)c3)[nH]c2n(CCC)c1=O,6.06,444.9,3.41,0.2942857142857142
COc1cc2c(cc1OC)C(Cc1ccccc1)N(CCn1ncc3c1nc(N)n1nc(-c4ccco4)nc31)CC2,8.64,550.62,4.18,0.6628571428571429
Nc1nc(-c2ccco2)c2nnn(Cc3ccc4[nH]nnc4c3)c2n1,7.92,333.32,1.38,0.5599999999999999
O[C@@H]1[C@H](O)[C@@H]2C[C@@H]2[C@H]1n1cnc2c(N[C@@H]3C[C@H]4CC[C@H]3C4)nc(Cl)nc21,5.39,375.86,1.99,0.1985714285714285
CC1CCC(N2CCCn3c2nc2c3c(=O)n(C)c(=O)n2C)CC1,6.21,331.42,1.22,0.3157142857142857
CCOC(=O)c1cnc(NC(=O)Nc2ccccc2)n2nc(-c3ccco3)nc12,8.32,392.38,3.21,0.6171428571428572
Cn1c(-c2ccccc2Cl)nc2c(NC3CCCC3)ncnc21,5.51,327.82,4.04,0.2157142857142857
COc1ccc(-n2c(C(=O)c3sc(Nc4ccc(Cl)cc4)nc3C)cnc2N)cc1,4.99,439.93,4.86,0.1414285714285714
COc1cccc2c(C(=O)NCc3cccc4cccnc34)nc(N)nc12,9.7,359.39,2.7,0.8142857142857142
Cn1cc2c(nc(NC(=O)Nc3ccc(C(F)(F)F)cc3)n3nc(-c4ccco4)nc23)n1,6.85,442.36,3.93,0.4071428571428571
C#CCn1c(=O)c2c(nc3n2CCCN3CC2CCCO2)n(C)c1=O,5.96,343.39,-0.08,0.2799999999999999
CCn1c(-c2ccccc2)nc2c(NC3CCCC3)ncnc21,6.48,307.4,3.87,0.3542857142857143
Cc1csc(-c2nc(N)c3cc(Cc4ccccc4Cl)sc3n2)n1,8.16,372.91,4.95,0.5942857142857143
CN1C(=O)C2Nc3cnccc3C2N(C)C1=O,5.0,232.24,0.44,0.1428571428571428
C[C@@H](Cc1ccccc1)Nc1ncnc2c1ncn2[C@@H]1O[C@H](CO)[C@@H](O)[C@H]1O,5.75,385.42,0.48,0.25
CCCCn1cc2c(nc(NC(=O)Nc3ccc(OC)cc3)n3nc(-c4ccco4)nc23)n1,7.1,446.47,4.19,0.4428571428571428
CCn1nnc([C@H]2O[C@@H](n3cnc4c(N)nc(N[C@@H](C)Cc5ccc(OC)cc5)nc43)[C@H](O)[C@@H]2O)n1,7.25,496.53,0.46,0.4642857142857143
Cc1ccc(Nc2nc3c(N4CCCC4)ncnc3s2)cc1,6.01,311.41,3.74,0.2871428571428571
O=C(Nc1nc(-c2ccccc2)cc(-c2ccccc2)n1)C1CC1,6.64,315.38,4.16,0.3771428571428571
Nc1nc2c(cnn2CCc2ccc(OCc3ccccc3)cc2)c2nc(-c3ccco3)nn12,7.05,451.49,4.14,0.4357142857142856
Nc1nc(-c2cccnc2)cc2nn(Cc3ccccc3)c(=O)n12,6.1,318.34,1.58,0.2999999999999999
Nc1nc(-c2ccco2)nc2sc(CNC3CC3)cc12,7.44,286.36,2.79,0.4914285714285715
COCCN1C(=O)c2[nH]nc(-c3ccccc3O)c2C1c1ccc(F)cc1,5.91,367.38,3.11,0.2728571428571428
Nc1ccc(-c2cccc(C(=O)NCCCCCCNc3ncnc4c3ncn4[C@@H]3O[C@H](CO)[C@@H](O)[C@H]3O)c2)s1,5.97,567.67,2.15,0.2814285714285714
CCCCCNc1ncc(C(=O)OCC)c2nc(-c3ccco3)nn12,7.3,343.39,3.16,0.4714285714285714
Cn1cc2c(nc(NC(=O)Cc3ccc(-c4ccccc4)cc3)n3nc(-c4ccco4)nc23)n1,6.71,449.47,4.12,0.3871428571428571
O[C@H]1[C@@H](O)C[C@@]2(n3cnc4c(NC5CCCCC5)nc(Cl)nc43)C[C@@H]12,5.57,363.85,2.06,0.2242857142857143
COc1cc(Nc2nc3c(N4CCC[C@H]4CO)ncnc3s2)cc(OC)c1OC,6.48,417.49,2.82,0.3542857142857143
CCCSc1nc(NC(C)=O)cc(OCc2ccccc2Cl)n1,5.38,351.86,4.17,0.1971428571428571
COc1cc2c(cc1OC)CN(CCn1ncc3c1nc(N)n1nc(-c4ccco4)nc31)C(C)C2,8.72,474.53,2.78,0.6742857142857144
CCNc1ncc(C(=O)O)c2nc(-c3ccco3)nn12,5.43,273.25,1.51,0.2042857142857142
Cc1cccc(-n2cc3c(n2)c(N)nc2ccccc23)c1,6.64,274.33,3.46,0.3771428571428571
CNC(=O)[C@]12C[C@@H]1[C@@H](n1cnc3c(NCc4cc(Cl)ccc4OCC(N)=O)nc(Cl)nc31)[C@H](O)[C@@H]2O,6.1,536.38,0.64,0.2999999999999999
CC/C(=C(/CC)c1ccc(O)cc1)c1ccc(O)cc1,5.3,268.36,4.83,0.1857142857142857
Cc1cccc(Cn2cnc3c(-c4ccco4)nc(N)nc32)c1,8.22,305.34,3.03,0.602857142857143
CCCn1c(-c2ccco2)nc2c(N)nc(NCCc3ccccc3)nc21,7.85,362.44,3.73,0.5499999999999999
CCCn1cc2c(nc(NC(=O)Nc3ccc(Cl)c(Cl)c3)n3nc(-c4ccco4)nc23)n1,6.4,471.31,5.09,0.3428571428571429
C#CCn1c(=O)c2[nH]c(Cc3cccs3)nc2n(Cc2ccco2)c1=O,6.35,366.4,1.81,0.3357142857142857
Nc1nc(C#Cc2ccccc2)nc2c1ncn2[C@@H]1O[C@H](CO)[C@@H](O)[C@H]1O,6.44,367.37,-0.58,0.3485714285714286
O=[N+]([O-])c1cc(O)c2c(c1)S(=O)(=O)N=C(Nc1ccccc1Oc1ccccc1)N2,4.6,426.41,3.68,0.0857142857142856
O=C1NCCC12O[C@@H](n1cnc3c(NCc4cccc(I)c4)ncnc31)[C@H](O)[C@@H]2O,4.53,522.3,0.55,0.0757142857142857
COc1ccc(NC(=O)Nc2nc3cn(C)cc3c3nc(-c4ccco4)nn23)cc1,6.3,403.4,3.53,0.3285714285714285
COc1ccc(NC(=O)Nc2nc3nn(CCC(C)C)cc3c3nc(-c4ccco4)nn23)cc1,7.19,460.5,4.43,0.4557142857142858
O=C(COc1ccc(-c2cc3c([nH]2)c(=O)n(CC2CC2)c(=O)n3CC2CC2)cc1)N1CCc2ccccc2C1,6.62,524.62,3.94,0.3742857142857143
Nc1ccc(N)c2c1C(=O)c1ccccc1C2=O,6.5,238.25,1.63,0.3571428571428571
Cn1c(=O)c2[nH]c(-c3ccc(OCC(=O)N4CCN(c5ccccn5)CC4)cc3)cc2n(C)c1=O,6.15,474.52,1.35,0.3071428571428572
CCNC(=O)[C@H]1O[C@@H](n2cnc3c(NCC)nc(C#CC(O)C4CCCC4)nc32)[C@H](O)[C@@H]1O,6.82,458.52,-0.08,0.4028571428571429
Nc1ncnc2c1ncn2[C@@H]1O[C@H](C(=O)NCC(F)(F)F)[C@@H](O)[C@H]1O,6.75,362.27,-1.29,0.3928571428571428
CCc1cn([C@H]2C[C@@H](n3cnc4c(NCC(CC)CC)nc(NCCc5cn(CC)cn5)nc43)[C@H](O)[C@@H]2O)nn1,7.32,551.7,2.61,0.4742857142857143
Cn1c(=O)n(CC2CC2)c(=O)c2[nH]c(-c3cnn(Cc4ccccc4)c3)nc21,6.83,376.42,1.75,0.4042857142857143
O=C(Nc1nc(-c2ccccc2)c(C(=O)c2cccnc2)s1)c1ccco1,6.26,375.41,4.28,0.3228571428571428
CONc1nc(C#Cc2ccncc2)nc2c1ncn2[C@@H]1O[C@H](CO)[C@@H](O)[C@H]1O,5.2,398.38,-0.79,0.1714285714285714
O=C(Cc1cccs1)Nc1nc2nn(CCc3ccccc3)cc2c2nc(-c3ccco3)nn12,8.06,469.53,4.22,0.5800000000000001
Nc1nc(-c2ccccc2)c2c(n1)-c1cc(NCCc3ccccn3)ccc1C2=O,9.05,393.45,3.99,0.7214285714285715
Nc1nc(-c2ccc(F)cc2)c2c(n1)-c1cc(CNN3CCCCC3)ccc1C2=O,8.0,403.46,3.57,0.5714285714285714
CCCn1c(Br)nc2c(NCc3ccccc3)ncnc21,5.93,346.23,3.61,0.2757142857142857
COCCCn1c(NC(=O)c2cccc(C#N)c2)nc2cc(C(=O)N(C)C)cnc21,6.91,406.45,2.29,0.4157142857142857
Cc1cc(C)n(-c2cc(NC(=O)CN3CCN(C)CC3)nc(-c3ccccn3)n2)n1,7.59,406.49,1.53,0.5128571428571428
CCCn1c(-c2ccco2)nc2c(NCc3ccccc3)ncnc21,7.1,333.4,4.11,0.4428571428571428
CCCCn1cnc2c1c(=O)n(C)c(=O)n2CCC,5.51,264.33,1.11,0.2157142857142857
Cc1ccc(-c2cc(-c3ccccc3)nc(N)c2C#N)cc1,6.93,285.35,4.18,0.4185714285714285
CC(=O)Nc1ccc2c(O)c(C(=O)NCc3ccccc3)cnc2n1,5.17,336.35,2.22,0.1671428571428571
C#CCCCCC#Cc1nc(NCc2cccc(Cl)c2)c2ncn([C@H]3[C@H](O)[C@H](O)[C@]4(C(=O)NC)C[C@H]34)c2n1,5.15,533.03,2.67,0.1642857142857143
CCCn1c(=O)c2c(cc(-c3ccc(OC)cc3)n2O)n(CCC)c1=O,6.2,357.41,2.7,0.3142857142857143
CCOC(=O)c1cnc(N2CCOCC2)n2nc(-c3ccco3)nc12,4.75,343.34,1.4,0.1071428571428571
CCN(C(C)=O)c1ccc(OC)c2nc(NC(=O)N3CCC(c4cccc(C(F)(F)F)c4)CC3)sc12,6.62,520.58,6.11,0.3742857142857143
CCc1nc2[nH]ncc2c2nc(-c3ccccc3)nn12,6.51,264.29,2.23,0.3585714285714285
Cn1c(=O)c2[nH]c(-c3ccc(OC(C)(C)C(=O)N4CCN(c5nc6cc(Cl)ccc6s5)CC4)cc3)cc2n(C)c1=O,5.0,593.11,4.0,0.1428571428571428
Cc1ccc(C(=O)c2nc(N)nc3ccsc23)s1,6.66,275.36,2.87,0.38
O=C(Cc1ccc2ccccc2c1)Nc1nc2nn(CCCc3ccccc3)cc2c2nc(-c3ccco3)nn12,7.13,527.59,5.7,0.4471428571428571
Cc1ccc2c(O)cc(-c3ccc(F)cc3)nc2n1,6.2,254.26,3.45,0.3142857142857143
O=C(Nc1cccc(Cl)c1)Nc1nc2nn(CCc3c(Br)cc(Br)cc3Br)cc2c2nc(-c3ccco3)nn12,5.44,735.62,7.56,0.2057142857142857
CCN(CCN1CCN(c2ccc(F)cc2F)CC1)c1cc2nc(-c3ccco3)nn2c(N)n1,9.05,468.51,2.89,0.7214285714285715
Nc1nc2c(cnn2CCc2ccccc2)c2nc(-c3ccco3)nn12,8.96,345.37,2.56,0.7085714285714287
Cc1cnc(-c2nc(N)nc3c2nnn3Cc2ccccc2F)s1,8.07,341.38,2.42,0.5814285714285715
Nc1cc(C(=O)N2CCCC2)cn2nc(-c3ccc(Br)o3)nc12,7.46,376.21,2.57,0.4942857142857143
CCN(Cc1ccccc1)C(=O)COc1ccc(-c2cc3c([nH]2)c(=O)n(C)c(=O)n3C)cc1,6.05,446.51,2.66,0.2928571428571428
CCOC(=O)c1cnc(NCCN)n2nc(-c3ccco3)nc12,6.08,316.32,0.93,0.2971428571428571
N#Cc1cccc(-c2nc(N)c3cc(CN4CCOCC4)sc3n2)c1,7.44,351.44,2.64,0.4914285714285715
CC(=O)Nc1ccc(-c2ccncc2)c(-c2cccc(F)c2)n1,6.54,307.33,3.91,0.3628571428571429
COc1c(C(=O)Nc2nccs2)ccc(NC(=O)CC(C)(C)C)c1F,7.92,365.43,3.92,0.5599999999999999
O=C(Nc1cccc(Cl)c1)Nc1nc2ccc(Cl)cc2c2nc(-c3ccco3)nn12,8.02,439.26,5.49,0.5742857142857142
CONc1nc(C#Cc2ccc(F)cc2)nc2c1ncn2[C@@H]1O[C@H](CO)[C@@H](O)[C@H]1O,5.4,415.38,-0.05,0.2
Cc1ccc(-c2nc(NC(=O)CN3CCN(C)CC3)cc(-n3cccn3)n2)o1,6.87,381.44,1.42,0.41
CCNC(=O)[C@H]1O[C@@H](n2cnc3c(NCC(c4ccccc4)c4ccccc4)nc(CNC(=O)NCCN(C(C)C)C(C)C)nc32)[C@H](O)[C@@H]1O,7.96,687.85,2.74,0.5657142857142857
CCNC(=O)[C@H]1O[C@@H](n2cnc3c(N)nc(NCCN4CCN(c5cccc(F)c5F)CC4)nc32)[C@H](O)[C@@H]1O,8.26,547.57,-0.32,0.6085714285714285
Nc1nc(OCCc2cccs2)nc2c1ncn2[C@@H]1O[C@H](CO)[C@@H](O)[C@H]1O,7.96,393.43,-0.3,0.5657142857142857
c1ccc(-c2cc(-c3ccccc3)c3nc(C4CCCCC4)[nH]c3n2)cc1,6.71,353.47,6.34,0.3871428571428571
CCN[C@@H]1CCN(CC(=O)Nc2cc(-n3nc(C)cc3C)nc(-c3ccc(C)o3)n2)C1,8.42,423.52,2.47,0.6314285714285715
Nc1nc(NC2CCCCC2)nc2nc(-c3ccco3)nn12,8.45,299.34,2.11,0.6357142857142856
CCCn1c(=O)[nH]c2[nH]c(-c3ccc(S(=O)(=O)NCc4ccccc4)cc3)nc2c1=O,6.79,439.5,1.97,0.3985714285714286
CCOc1nc2nn(C)cc2c2nc(-c3ccco3)nn12,5.21,284.28,1.67,0.1728571428571428
COc1cccc(-c2n[nH]c(Cc3cccc([N+](=O)[O-])c3)n2)c1,7.1,310.31,2.98,0.4428571428571428
CCCn1c(-c2ccco2)nc2c(N)nc(NCc3ccccc3)nc21,8.18,348.41,3.69,0.5971428571428571
CCn1cnc2c(CNC(=O)c3nc(N)nc4c(F)cccc34)cccc21,8.51,364.38,2.65,0.6442857142857142
NCCCCCNC(=O)COc1ccc(CCCn2ncc3c2nc(N)n2nc(-c4ccco4)nc32)cc1,8.2,517.59,2.57,0.5999999999999999
Nc1nc2ccccc2c2cn(-c3ccccc3)nc12,6.48,260.3,3.16,0.3542857142857143
C#CCCCC#Cc1nc(NCc2cccc(Cl)c2)c2ncn([C@@H]3[C@H](O)[C@H](O)[C@]4(C(=O)NC)C[C@H]34)c2n1,5.36,519.01,2.28,0.1942857142857143
N=C(NC(=O)C(Cc1ccccc1)N1C(=O)c2ccccc2C1=O)Nc1nc2ccccc2o1,5.4,453.46,3.2,0.2
COc1cccnc1CNC(=O)c1nc(N)nc2c(OC)cccc12,8.52,339.36,1.55,0.6457142857142857
Cn1cc2c(nc(NC(c3ccccc3)c3ccccc3)n3nc(-c4ccco4)nc23)n1,6.05,421.46,4.47,0.2928571428571428
CCNC(=O)[C@H]1O[C@@H](n2cnc3c(N)nc(OCCc4c[nH]c5ccccc45)nc32)[C@H](O)[C@@H]1O,6.6,467.49,0.27,0.3714285714285714
Nc1nc(-c2ccccc2)nc(-c2ccccc2O)n1,7.37,264.29,2.49,0.4814285714285714
CCOC(=O)c1cnc(NCc2ccc(OC)cc2)n2nc(-c3ccco3)nc12,6.85,393.4,3.18,0.4071428571428571
Cc1ccc(C(=O)c2nc(NCc3ccccn3)nc3ccsc23)s1,6.73,366.47,4.3,0.39
CCCn1c(=O)c2[nH]c(-c3ccc(OCC(=O)Nc4ccc(-c5ccccc5)cc4)cc3)cc2n(CCC)c1=O,7.16,536.63,5.66,0.4514285714285714
Nc1nc(-c2ccco2)c2cnn(Cc3cccc(Cl)c3)c2n1,9.0,325.76,3.37,0.7142857142857143
N#Cc1c(-c2ccccc2)cc(-c2ccco2)nc1N,7.96,261.28,3.46,0.5657142857142857
Nc1nc(NCc2cccnc2)nc2sc(-c3ccco3)nc12,10.96,324.37,2.94,0.9942857142857144
CNc1ncnc2c1ncn2[C@@H]1S[C@H](C(=O)NC2CCC2)[C@@H](O)[C@H]1O,6.97,364.43,-0.13,0.4242857142857142
CCC1CN2C(=O)N(Cc3ccccc3)c3nc(-c4cc(OCc5ccccc5)nn4C)[nH]c3C2=N1,5.67,481.56,4.37,0.2385714285714285
COc1ccccc1CNc1nc(N)c2nc(-c3ccccc3)sc2n1,8.33,363.45,3.96,0.6185714285714285
OC1CS[C@@H](n2cnc3c(NCc4cccc(F)c4)nc(Cl)nc32)[C@H]1O,8.13,395.85,2.2,0.5900000000000001
COc1ccc(N2CCN(CCn3c(=O)n(C)c4c3nc(N)n3nc(-c5ccco5)nc43)CC2)cc1,9.0,489.54,1.45,0.7142857142857143
CCn1c(=O)[nH]c2nc(-c3ccc(S(=O)(=O)N4CCN(Cc5cccc(F)c5)CC4)cc3)[nH]c2c1=O,6.84,512.57,1.75,0.4057142857142857
CC(=O)Nc1cc(N2CCCCC2)nc(-n2nc(C)cc2C)n1,7.11,314.39,2.23,0.4442857142857143
COc1cc(CC(=O)Nc2cc(-n3nc(C)cc3C)nc(-c3ccccn3)n2)cc(OC)c1,9.0,444.5,3.54,0.7142857142857143
Nc1nc(-c2ccccn2)c2cnn(Cc3ccccc3F)c2n1,7.92,320.33,2.66,0.5599999999999999
CNC(=O)[C@]12C[C@@H]1[C@@H](n1cnc3c(NCc4cc(OC)ccc4OC)nc(Cl)nc31)[C@H](O)[C@@H]2O,5.0,488.93,1.14,0.1428571428571428
CCCn1c(=O)c2nc(-c3cnn(Cc4ccc(OC)cc4)c3)[nH]c2n(CCC)c1=O,7.21,422.49,2.63,0.4585714285714286
Cc1ccccc1CNc1nc(Cl)nc2c1ncn2[C@@H]1S[C@H](C(=O)NCC2CC2)[C@@H](O)[C@H]1O,5.41,489.0,2.26,0.2014285714285714
CNC(=O)[C@]12C[C@@H]1[C@@H](n1cnc3c(NCC(c4ccccc4)c4ccccc4)nc(Cl)nc31)[C@H](O)[C@@H]2O,5.8,519.01,2.75,0.2571428571428571
Cn1cc2c(nc(NCCc3c[nH]c4ccccc34)n3nc(-c4ccco4)nc23)n1,7.11,398.43,3.41,0.4442857142857143
CNc1ncc(C(=O)OCc2cccc(OC)c2)c2nc(-c3ccco3)nn12,7.83,379.38,2.79,0.5471428571428572
CCCC(=O)Nc1nc(-c2ccccc2F)cc(-c2ccccc2F)n1,6.19,353.37,4.83,0.3128571428571429
CC(C)C/C=N/Nc1nc(N)c2ncn([C@@H]3O[C@H](CO)[C@@H](O)[C@H]3O)c2n1,5.96,365.39,-0.54,0.2799999999999999
CCCn1c(-c2ccccc2)nc2c(NC3CCOC3)ncnc21,5.77,323.4,3.1,0.2528571428571428
CCN(C(C)=O)c1ccc(OC)c2nc(NC(=O)c3ccc(-n4cccn4)cc3)sc12,7.18,435.51,4.12,0.4542857142857142
CCCn1c(=O)c2c(nnn2C2CCCCC2)n(CCC)c1=O,4.64,319.41,2.08,0.0914285714285713
Nc1nc2c([N+](=O)[O-])cccc2n2c(=O)n(-c3ccccc3)nc12,7.12,322.28,1.52,0.4457142857142857
Oc1cc(-c2ccccc2)nc2nc(Br)ccc12,7.18,301.14,3.76,0.4542857142857142
Cc1n[nH]c(C)c1S(=O)(=O)N1CCC(C(=O)Nc2nc3c(C)cccc3s2)CC1,6.0,433.56,2.98,0.2857142857142857
Cc1ccc(-c2nc(N)c3nn(-c4ccccc4)cc3n2)o1,7.0,291.31,2.97,0.4285714285714285
Cn1cc2c(nc(N)n3nc(-c4ccco4)nc23)n1,8.55,255.24,0.85,0.6500000000000001
C[C@H](Nc1nc(C(=O)N2CCCC2)c2sccc2n1)c1cccnc1,6.33,353.45,3.5,0.3328571428571428
OC[C@H]1O[C@@H](n2cnc3c(NCc4cccc(I)c4)nc(Cl)nc32)[C@H](O)[C@@H]1O,6.7,517.71,1.31,0.3857142857142857
CCCNc1c(C(=O)OC)cnc2c1cnn2CC(Cl)c1ccccc1,5.12,372.86,4.02,0.16
COc1cccc2c(C(=O)NCc3cccc(C(F)(F)F)n3)nc(N)nc12,9.4,377.33,2.56,0.7714285714285715
CN(C)C(=O)CN(C)C(=O)c1cc(N)c2nc(-c3ccc(Br)o3)nn2c1,7.64,421.26,1.49,0.5199999999999999
CCCn1c(=O)c2[nH]c(-c3ccc(OCC(=O)NCc4ccccc4)cc3)c(Cl)c2n(CCC)c1=O,7.22,509.01,4.33,0.4599999999999999
Cc1ccsc1/C=C/c1nc(N)nc(-c2ccccc2O)n1,8.46,310.38,3.37,0.6371428571428572
CCNc1nc(-c2cccs2)c2sccc2n1,6.81,261.38,3.85,0.4014285714285713
CC(C)c1ccc(CO[C@@H]2CCCC2Nc2ncnc3c2ncn3[C@@H]2O[C@H](CO)[C@@H](O)[C@H]2O)cc1,5.42,483.57,2.11,0.2028571428571428
CCNC(=O)[C@H]1O[C@@H](n2cnc3c(NCC)nc(C#CCCO)nc32)[C@H](O)[C@@H]1O,6.19,404.43,-1.25,0.3128571428571429
CNC(=O)[C@@]12C[C@@H]1[C@@H](n1cnc3c(NC(C4CC4)C4CC4)nc(Cl)nc31)[C@H](O)[C@@H]2O,5.37,432.91,1.11,0.1957142857142857
CCn1c(=O)c2c(nc(/C=C/c3ccc(OCCCC(=O)NCCCCCC(=O)OC)c(OC)c3)n2C)n(CC)c1=O,4.96,583.69,3.12,0.1371428571428571
Cn1c(-c2ccc(F)cc2)nc2c(NC3CCCC3)ncnc21,5.62,311.36,3.52,0.2314285714285714
CCCn1c(=O)[nH]c2nc(-c3ccc(S(=O)(=O)N4CCN(CCc5ccccc5)CC4)cc3)[nH]c2c1=O,6.57,522.63,2.04,0.3671428571428571
Nc1nc2c(cnn2CCc2ccc(S(=O)(=O)O)cc2)c2nc(-c3ccco3)nn12,7.0,425.43,1.81,0.4285714285714285
CNc1nc(-c2ccco2)c(C(=O)c2ccccc2)s1,7.17,284.34,3.68,0.4528571428571428
Cc1ccc(-c2nc3c(N)nc(NCc4cccs4)nc3s2)o1,7.47,343.44,3.91,0.4957142857142856
Cc1cccc2sc(NC(=O)CNS(=O)(=O)c3cccs3)nc12,5.8,367.48,2.58,0.2571428571428571
Nc1nc(C(=O)NCc2cccc3cccnc23)c2cc(F)ccc2n1,8.36,347.35,2.83,0.6228571428571428
COc1ccc(CC(=O)Nc2cc(-n3nc(C)cc3C)nc(-c3ccccn3)n2)cc1,9.0,414.47,3.53,0.7142857142857143
